Source,Destination,Redirect type,ModifiedDate
/docs/cards-guest-checkout-one-off-payment,docs/components-one-time-payment,endswith,27 Feb 2026,
/docs/cards-pay-and-save,docs/pay-and-save-3,endswith,27 Feb 2026,
/docs/cards-collecting-card-information,docs/components-overview,endswith,27 Feb 2026,
/docs/overvivew-payouts-coverage,docs/overview-payouts-coverage,endswith,19 Feb 2026,
/docs/payouts-coverage-overview,docs/overview-payouts-coverage,endswith,19 Feb 2026,
/docs/coverage-overview,docs/overview-payouts-coverage,endswith,19 Feb 2026,
/apidocs/update-customer-1,apidocs/update-customer,endswith,20 Jan 2026,
/docs/set-up-webhooks-1,docs/bill-payments-set-up-webhooks,endswith,05 Nov 2025,
/docs/business-documents,docs/verification-requirements,endswith,27 Oct 2025,
/docs/identity-documents,docs/authorized-representiative-details,endswith,24 Oct 2025,
/docs/xendit-group-prohibited-and-high-risk-industries-and-countries-1,docs/prohibited-and-high-risk-industries-and-countries,endswith,21 Oct 2025,
/docs/hong-kong,docs/hong-kong-business-documents,endswith,21 Oct 2025,
/docs/singapore-and-others,docs/singapore-and-others-business-documents,endswith,21 Oct 2025,
/docs/singapore-1,docs/singapore-and-others-business-documents,endswith,21 Oct 2025,
/docs/regional-api-verification-for-developers,docs/api-verification,endswith,13 Oct 2025,
/credit-cards/integrations/test-scenarios,/docs/cards-simulate-card-scenarios,endswith,16 Sep 2025,
/xenplatform,/docs/xenplatform-overview,endswith,16 Sep 2025,
/xenplatform/accept-payments,/docs/accepting-payments-for-sub-accounts,endswith,16 Sep 2025,
/xenplatform/account-holder,/docs/verify-sub-accounts,endswith,16 Sep 2025,
/xenplatform/account-reports,/docs/consolidated-reports,endswith,16 Sep 2025,
/xenplatform/accounts,/docs/sub-accounts,endswith,16 Sep 2025,
/xenplatform/accounts/managed,/docs/sub-accounts,endswith,16 Sep 2025,
/xenplatform/accounts/owned,/docs/sub-accounts,endswith,16 Sep 2025,
/xenplatform/overview,/docs/xenplatform-overview,endswith,16 Sep 2025,
/xenplatform/pay-out,/docs/payouts-for-sub-accounts,endswith,16 Sep 2025,
/xenplatform/split-payments,/docs/split-payments,endswith,16 Sep 2025,
/xenplatform/transfers,/docs/transfer-balances,endswith,16 Sep 2025,
/xenplatform/use-cases/payment-service-resellers,/docs/xenplatform-overview,endswith,16 Sep 2025,
/dashboard/invite-team-member/xenplatform,/docs/invite-team-members,endswith,16 Sep 2025,
/xenplatform/use-cases/point-of-sales,/docs/xenplatform-overview,endswith,16 Sep 2025,
/xenplatform/use-cases/saas,/docs/xenplatform-overview,endswith,16 Sep 2025,
/docs/payouts-coverage-thailand,docs/payout-coverage-thailand,endswith,11 Sep 2025,
/docs/payouts-thailand,docs/payout-coverage-thailand,endswith,11 Sep 2025,
/docs/thailand-1,docs/payout-coverage-thailand,endswith,11 Sep 2025,
/docs/payout-coverage-country-1,docs/payout-coverage-thailand,endswith,11 Sep 2025,
/docs/payouts-coverage-indonesia,docs/payout-coverage-indonesia,endswith,11 Sep 2025,
/docs/payouts-indonesia,docs/payout-coverage-indonesia,endswith,11 Sep 2025,
/docs/indonesia-1,docs/payout-coverage-indonesia,endswith,11 Sep 2025,
/payouts,https://docs.xendit.co/docs/payouts-via-api,endswith,11 Sep 2025,
/docs/payouts-singapore,docs/payouts-coverage-singapore,endswith,11 Sep 2025,
/docs/singapore,docs/payouts-coverage-singapore,endswith,11 Sep 2025,
/docs/payouts-vietnam,docs/payouts-coverage-vietnam,endswith,11 Sep 2025,
/docs/vietnam-1,docs/payouts-coverage-vietnam,endswith,11 Sep 2025,
/docs/payouts-malaysia,docs/payouts-coverage-malaysia,endswith,11 Sep 2025,
/docs/malaysia-1,docs/payouts-coverage-malaysia,endswith,11 Sep 2025,
/docs/payouts-philippines,docs/payouts-coverage-philippines,endswith,11 Sep 2025,
/docs/philippines-1,docs/payouts-coverage-philippines,endswith,11 Sep 2025,
/docs/payout-coverage-country,docs/payouts-coverage-philippines,endswith,11 Sep 2025,
/docs/payouts-overview,docs/send-payouts-overview,endswith,11 Sep 2025,
/docs/overview-4,docs/send-payouts-overview,endswith,11 Sep 2025,
/payouts-overview,https://docs.xendit.co/docs/payouts-overview,endswith,11 Sep 2025,
/docs/available-features,docs/global-account,endswith,08 Aug 2025,
/apidocs/get-report-by-id,apidocs/get-report,endswith,01 Aug 2025,
/apidocs/generate-report-1,apidocs/generate-report,endswith,01 Aug 2025,
/apidocs/get-transaction-by-id,apidocs/get-transaction,endswith,01 Aug 2025,
/apidocs/list-transactions-1,apidocs/list-transactions,endswith,01 Aug 2025,
/apidocs/get-customer-by-id,apidocs/get-customer-id,endswith,01 Aug 2025,
/apidocs/get-balances-of-the-merchant,apidocs/get-balance,endswith,01 Aug 2025,
/docs/vietnam-2,docs/channel-restrictions-vn,endswith,28 Jul 2025,
/docs/malaysia-2,docs/channel-restrictions-my,endswith,28 Jul 2025,
/docs/indonesia-2,docs/channel-restrictions-id,endswith,28 Jul 2025,
/docs/channel-restrictions-by-entity-type-1,docs/channel-restrictions-ph,endswith,28 Jul 2025,
/v1-api/apidocs/balance-transactions-api,v1-api/apidocs/balance-transactions,endswith,24 Jul 2025,
/apidocs/upload-file-1,apidocs/upload-file,endswith,24 Jul 2025,
/apidocs/create-customer-request-1,apidocs/create-customer-request,endswith,24 Jul 2025,
/accounts,/docs/your-dashboard,endswith,22 Jul 2025,
/id/credit-cards/integrations/test-scenarios,https://docs.xendit.co/docs/id/cards-simulate-card-scenarios,endswith,21 Jul 2025,
/id/credit-cards/integrations/installments,https://docs.xendit.co/docs/id/cards-api-overview,endswith,21 Jul 2025,
/id/credit-cards/integrations/promotions,https://docs.xendit.co/docs/id/cards-api-overview,endswith,21 Jul 2025,
/id/credit-cards/integrations/refunds,https://docs.xendit.co/docs/id/cards-refund-a-card-payment,endswith,21 Jul 2025,
/id/credit-cards/integrations/multiple-charges,https://docs.xendit.co/docs/id/cards-save-a-card,endswith,21 Jul 2025,
/id/credit-cards/integrations/authentication/migration-to-3ds-2,https://docs.xendit.co/docs/id/authentication-3ds2,endswith,21 Jul 2025,
/id/credit-cards/integrations/authentication,https://docs.xendit.co/docs/id/authentication-3ds2,endswith,21 Jul 2025,
/id/tokenization-with-payments-api,https://docs.xendit.co/docs/id/cards-save-a-card,endswith,21 Jul 2025,
/id/credit-cards/integrations/tokenization,https://docs.xendit.co/docs/id/cards-save-a-card,endswith,21 Jul 2025,
/id/paylater/faq,https://docs.xendit.co/docs/id/available-payment-channels,endswith,21 Jul 2025,
/id/paylater/media-asset,https://docs.xendit.co/docs/id/available-payment-channels,endswith,21 Jul 2025,
/id/paylater/rules-and-limitations,https://docs.xendit.co/docs/id/available-payment-channels,endswith,21 Jul 2025,
/id/paylater/cancellations,https://docs.xendit.co/docs/id/available-payment-channels,endswith,21 Jul 2025,
/id/paylater/refunds,https://docs.xendit.co/docs/id/available-payment-channels,endswith,21 Jul 2025,
/id/paylater/integrations/best-practices,https://docs.xendit.co/docs/id/integration-security-practices,endswith,21 Jul 2025,
/id/paylater/integrations/test-scenarios/general,https://docs.xendit.co/docs/id/error-scenarios,endswith,21 Jul 2025,
/id/paylater/integrations/third-party-integrations,https://docs.xendit.co/docs/id/plug-ins-overview,endswith,21 Jul 2025,
/id/paylater/integrations/xeninvoice,https://docs.xendit.co/docs/id/how-payment-links-work,endswith,21 Jul 2025,
/id/paylater/integrations/api,https://docs.xendit.co/docs/id/payments-via-api-overview,endswith,21 Jul 2025,
/id/paylater/integrations,https://docs.xendit.co/docs/id/payments-via-api-overview,endswith,21 Jul 2025,
/id/paylater/activation/kredivo-uat,https://docs.xendit.co/docs/id/paylater-channels,endswith,21 Jul 2025,
/id/paylater/activation/general,https://docs.xendit.co/docs/id/activating-payment-channels,endswith,21 Jul 2025,
/id/paylater/activation,https://docs.xendit.co/docs/id/activating-payment-channels,endswith,21 Jul 2025,
/id/paylater/payment-flows,https://docs.xendit.co/docs/id/available-payment-channels,endswith,21 Jul 2025,
/id/paylater,https://docs.xendit.co/docs/id/available-payment-channels,endswith,21 Jul 2025,
/id/xenpayments/retail-outlet/settlement,https://docs.xendit.co/docs/id/settlements,endswith,21 Jul 2025,
/id/xenpayments/retail-outlet/rules-and-limitations,https://docs.xendit.co/docs/id/payments-via-api-overview,endswith,21 Jul 2025,
/id/xenpayments/retail-outlet/testing,https://docs.xendit.co/docs/id/simulate-error-scenarios,endswith,21 Jul 2025,
/id/xenpayments/retail-outlet/payment-flow,https://docs.xendit.co/docs/id/available-payment-channels,endswith,21 Jul 2025,
/id/xenpayments/retail-outlet/onboarding-and-activation,https://docs.xendit.co/docs/id/activating-payment-channels,endswith,21 Jul 2025,
/id/xenpayments/retail-outlet/feature-suite,https://docs.xendit.co/docs/id/available-payment-channels,endswith,21 Jul 2025,
/id/xenpayments/retail-outlet,https://docs.xendit.co/docs/id/available-payment-channels,endswith,21 Jul 2025,
/id/direct-debit/integration-guide/handling-invalid-expired-tokens,https://docs.xendit.co/docs/id/saving-payment-information,endswith,21 Jul 2025,
/id/direct-debit/integration-guide/payment-scenarios,https://docs.xendit.co/docs/id/error-scenarios,endswith,21 Jul 2025,
/id/direct-debit/integration-guide/account-unlinking,https://docs.xendit.co/docs/id/saving-payment-information,endswith,21 Jul 2025,
/id/direct-debit/integration-guide/account-linking,https://docs.xendit.co/docs/id/saving-payment-information,endswith,21 Jul 2025,
/id/direct-debit/integration-guide,https://docs.xendit.co/docs/id/payments-via-api-overview,endswith,21 Jul 2025,
/id/direct-debit/payment-flow,https://docs.xendit.co/docs/id/available-payment-channels,endswith,21 Jul 2025,
/id/direct-debit/activation,https://docs.xendit.co/docs/id/activating-payment-channels,endswith,21 Jul 2025,
/id/direct-debit,https://docs.xendit.co/docs/id/available-payment-channels,endswith,21 Jul 2025,
/id/credit-cards/faq,https://docs.xendit.co/docs/id/cards-api-overview,endswith,21 Jul 2025,
/id/credit-cards/xenshield,https://docs.xendit.co/docs/id/manage-fraud-with-xenshield,endswith,21 Jul 2025,
/id/credit-cards/chargebacks,https://docs.xendit.co/docs/id/understanding-chargebacks,endswith,21 Jul 2025,
/id/credit-cards/understanding-card-declines,https://docs.xendit.co/docs/id/cards-card-declines-and-error-codes,endswith,21 Jul 2025,
/id/credit-cards/moving-from-6-digit-bin-to-8-digit-bin,https://docs.xendit.co/docs/id/cards-api-overview,endswith,21 Jul 2025,
/id/credit-cards/settlement,https://docs.xendit.co/docs/id/settlements,endswith,21 Jul 2025,
/id/credit-cards/dashboard-permissions,https://docs.xendit.co/docs/id/users-permissions,endswith,21 Jul 2025,
/id/credit-cards/installments,https://docs.xendit.co/docs/id/cards-api-overview,endswith,21 Jul 2025,
/id/credit-cards/promotions,https://docs.xendit.co/docs/id/cards-api-overview,endswith,21 Jul 2025,
/id/credit-cards/subscriptions,https://docs.xendit.co/docs/id/cards-pay-and-save,endswith,21 Jul 2025,
/id/credit-cards/refunds,https://docs.xendit.co/docs/id/cards-refund-a-card-payment,endswith,21 Jul 2025,
/id/credit-cards/authentication/3ds-2,https://docs.xendit.co/docs/id/authentication-3ds2,endswith,21 Jul 2025,
/id/credit-cards/authentication/dynamic-3ds,https://docs.xendit.co/docs/id/authentication-3ds2,endswith,21 Jul 2025,
/id/credit-cards/authentication/3ds,https://docs.xendit.co/docs/id/authentication-3ds2,endswith,21 Jul 2025,
/id/credit-cards/rules-and-limitations,https://docs.xendit.co/docs/id/cards-api-overview,endswith,21 Jul 2025,
/id/credit-cards/foreign-transactions,https://docs.xendit.co/docs/id/cards-api-overview,endswith,21 Jul 2025,
/id/credit-cards/supported-currencies,https://docs.xendit.co/docs/id/cards-api-overview,endswith,21 Jul 2025,
/docs/id/overview-14,docs/id/cards-api-overview,endswith,21 Jul 2025,
/id/credit-cards/activation,https://docs.xendit.co/docs/id/activating-payment-channels,endswith,21 Jul 2025,
/id/credit-cards,https://docs.xendit.co/docs/id/available-payment-channels,endswith,21 Jul 2025,
/id/qr-codes/media-assets,/,endswith,21 Jul 2025,
/id/qr-codes/chargebacks,https://docs.xendit.co/docs/id/understanding-chargebacks,endswith,21 Jul 2025,
/id/qr-codes/integrations/test-scenarios,https://docs.xendit.co/docs/id/error-scenarios,endswith,21 Jul 2025,
/id/qr-codes/integrations/test-guideline,https://docs.xendit.co/docs/id/simulate-error-scenarios,endswith,21 Jul 2025,
/id/qr-codes/rules-and-limitation,https://docs.xendit.co/docs/id/available-payment-channels,endswith,21 Jul 2025,
/id/qr-codes/settlements,https://docs.xendit.co/docs/id/settlements,endswith,21 Jul 2025,
/id/qr-codes/activation,https://docs.xendit.co/docs/id/activating-payment-channels,endswith,21 Jul 2025,
/id/qr-codes/payment-flows/refund,https://docs.xendit.co/docs/id/available-payment-channels,endswith,21 Jul 2025,
/id/qr-codes/payment-flows/payment,https://docs.xendit.co/docs/id/available-payment-channels,endswith,21 Jul 2025,
/id/qr-codes,https://docs.xendit.co/docs/id/available-payment-channels,endswith,21 Jul 2025,
/id/ewallet/media-assets,/,endswith,21 Jul 2025,
/docs/id/understanding-disputes-1,docs/id/understanding-chargebacks,endswith,21 Jul 2025,
/id/ewallet/chargebacks,https://docs.xendit.co/docs/id/managing-chargebacks,endswith,21 Jul 2025,
/id/ewallet/integrations/best-practices,https://docs.xendit.co/docs/id/account-security-overview,endswith,21 Jul 2025,
/id/ewallet/integrations/errors,https://archive.docs.xendit.co/id/ewallet/integrations/test-scenarios,endswith,21 Jul 2025,
/id/ewallet/integrations/test-scenarios,https://docs.xendit.co/docs/id/simulate-error-scenarios,endswith,21 Jul 2025,
/id/ewallet/integrations/test-guideline,https://docs.xendit.co/docs/id/simulate-error-scenarios,endswith,21 Jul 2025,
/id/ewallet/checkout-methods,https://docs.xendit.co/docs/id/available-payment-channels,endswith,21 Jul 2025,
/id/ewallet/integrations,https://docs.xendit.co/docs/id/payments-via-api-overview,endswith,21 Jul 2025,
/id/xenplatform/account-holder,https://docs.xendit.co/docs/id/verify-sub-accounts,endswith,20 Jul 2025,
/id/xenplatform/activation,https://docs.xendit.co/docs/id/activate-xenplatform,endswith,20 Jul 2025,
/id/xenplatform/transaction-fees,https://docs.xendit.co/docs/id/xenplatform-fees,endswith,20 Jul 2025,
/id/xenplatform/account-reports,https://docs.xendit.co/docs/id/consolidated-reports,endswith,20 Jul 2025,
/id/xenplatform/dashboard,https://docs.xendit.co/docs/id/xenplatform-monitoring-transactions,endswith,20 Jul 2025,
/id/xenplatform/transfers,https://docs.xendit.co/docs/id/transfer-balances,endswith,20 Jul 2025,
/id/xenplatform/platform-fee,https://docs.xendit.co/docs/id/xenplatform-fees,endswith,20 Jul 2025,
/id/xenplatform/accept-payments,https://docs.xendit.co/docs/id/accepting-payments-for-sub-accounts,endswith,20 Jul 2025,
/id/xenplatform/accounts/managed,https://docs.xendit.co/docs/id/account-types,endswith,20 Jul 2025,
/id/xenplatform/accounts/owned,https://docs.xendit.co/docs/id/account-types,endswith,20 Jul 2025,
/id/xenplatform/accounts,https://docs.xendit.co/docs/id/account-types,endswith,20 Jul 2025,
/id/xenplatform/overview,https://docs.xendit.co/docs/id/xenplatform-overview,endswith,20 Jul 2025,
/id/xenplatform,https://docs.xendit.co/docs/id/xenplatform-overview,endswith,20 Jul 2025,
/id/reports/auto-withdrawal,https://docs.xendit.co/docs/id/auto-withdrawal-report,endswith,20 Jul 2025,
/id/reports/schedule,https://docs.xendit.co/docs/id/reporting-schedules,endswith,20 Jul 2025,
/id/reports/transaction,https://docs.xendit.co/docs/id/transactions-report,endswith,20 Jul 2025,
/id/reports/balance-report,https://docs.xendit.co/docs/id/reports-overview,endswith,20 Jul 2025,
/id/reports,https://docs.xendit.co/docs/id/reports-overview,endswith,20 Jul 2025,
/id/reports/balance,https://docs.xendit.co/docs/id/balance-overview,endswith,20 Jul 2025,
/id/early-settlement/activation,https://docs.xendit.co/docs/id/early-settlement,endswith,18 Jul 2025,
/id/early-settlement/pricing-billing-limits,https://docs.xendit.co/docs/id/early-settlement,endswith,18 Jul 2025,
/id/early-settlement/channels,https://docs.xendit.co/docs/id/early-settlement,endswith,18 Jul 2025,
/id/early-settlement,https://docs.xendit.co/docs/id/early-settlement,endswith,18 Jul 2025,
/id/settlement,https://docs.xendit.co/docs/id/settlements,endswith,18 Jul 2025,
/id/integrations/magento-m2/refund-transaction-on-magento-m2,https://docs.xendit.co/docs/id/magento,endswith,18 Jul 2025,
/id/integrations/magento-m2/how-to-integrate-with-magento,https://docs.xendit.co/docs/id/magento,endswith,18 Jul 2025,
/id/integrations/magento-m2/magento-payment-flow,https://docs.xendit.co/docs/id/magento,endswith,18 Jul 2025,
/id/integrations/magento-m2,https://docs.xendit.co/docs/id/magento,endswith,18 Jul 2025,
/id/integrations/wix/how-to-integrate-with-wix,https://docs.xendit.co/docs/id/wix,endswith,18 Jul 2025,
/id/integrations/wix/wix-payment-flow,https://docs.xendit.co/docs/id/wix,endswith,18 Jul 2025,
/id/integrations/wix/features,https://docs.xendit.co/docs/id/wix,endswith,18 Jul 2025,
/id/integrations/wix,https://docs.xendit.co/docs/id/wix,endswith,18 Jul 2025,
/id/integrations/shopify/customization,https://docs.xendit.co/docs/id/shopify,endswith,18 Jul 2025,
/id/integrations/shopify/steps-to-integrate,https://docs.xendit.co/docs/id/shopify,endswith,18 Jul 2025,
/id/integrations/shopify/payment-flow,https://docs.xendit.co/docs/id/shopify,endswith,18 Jul 2025,
/id/integrations/shopify/features,https://docs.xendit.co/docs/id/shopify,endswith,18 Jul 2025,
/id/integrations/shopify,https://docs.xendit.co/docs/id/shopify,endswith,18 Jul 2025,
/id/integrations/woocommerce/refund,https://docs.xendit.co/docs/id/woocommerce,endswith,18 Jul 2025,
/id/integrations/woocommerce/customization,https://docs.xendit.co/docs/id/woocommerce,endswith,18 Jul 2025,
/id/integrations/woocommerce/steps-to-integrate,https://docs.xendit.co/docs/id/woocommerce,endswith,18 Jul 2025,
/id/integrations/woocommerce/payment-flow,https://docs.xendit.co/docs/id/woocommerce,endswith,18 Jul 2025,
/id/integrations/woocommerce/features,https://docs.xendit.co/docs/id/woocommerce,endswith,18 Jul 2025,
/id/integrations/woocommerce,https://docs.xendit.co/docs/id/woocommerce,endswith,18 Jul 2025,
/id/plugins-or-extensions,https://docs.xendit.co/docs/id/plug-ins-overview,endswith,18 Jul 2025,
/id/integrations/libraries,https://docs.xendit.co/docs/id/how-payments-api-work,endswith,17 Jul 2025,
/id/payment-api/glossary,https://docs.xendit.co/docs/id/payments-via-api-overview,endswith,17 Jul 2025,
/id/payment-api/faq,https://docs.xendit.co/docs/id/payments-via-api-overview,endswith,17 Jul 2025,
/id/payment-api/rules-and-limitations,https://docs.xendit.co/docs/id/available-payment-channels,endswith,17 Jul 2025,
/id/payment-api/reconciliation,https://docs.xendit.co/docs/id/reconciliations,endswith,17 Jul 2025,
/id/payment-api/integration-guide/pre-integration-checklists,https://docs.xendit.co/docs/id/payments-via-api-overview,endswith,17 Jul 2025,
/id/payment-api/integration-guide/integration-guide,https://docs.xendit.co/docs/id/payments-via-api-overview,endswith,17 Jul 2025,
/id/payment-api/payment-api-flow,https://docs.xendit.co/docs/id/how-payments-api-work,endswith,17 Jul 2025,
/id/payment-api/overview,https://docs.xendit.co/docs/id/how-payments-api-work,endswith,17 Jul 2025,
/id/webhook/setup-guide/php,/apidocs/webhook-behavior,replacewith,17 Jul 2025,
/id/webhook/faq,https://docs.xendit.co/docs/id/handling-webhooks,endswith,17 Jul 2025,
/id/webhook/delivery-attempts-and-retries,/apidocs/webhook-behavior,replacewith,17 Jul 2025,
/id/webhook/events,https://docs.xendit.co/docs/id/payments-api-web-hooks,endswith,17 Jul 2025,
/id/webhook/getting-started,https://docs.xendit.co/docs/id/set-up-webhooks,endswith,17 Jul 2025,
/id/webhook,https://docs.xendit.co/docs/id/set-up-webhooks,endswith,16 Jul 2025,
/id/api-integration/checklists,https://docs.xendit.co/docs/id/integration-security-practices,endswith,16 Jul 2025,
/id/api-integration/ip-allowlist,https://docs.xendit.co/docs/id/ip-allowlist,endswith,16 Jul 2025,
/id/api-integration/api-logs,https://docs.xendit.co/docs/id/api-keys,endswith,16 Jul 2025,
/postman,https://docs.xendit.co/docs/en/payments-via-api-overview,replacewith,16 Jul 2025,
/id/postman,/id/payments-via-api-overview,replacewith,16 Jul 2025,
/id/api-integration/api-keys,https://docs.xendit.co/docs/id/create-an-api-key,endswith,16 Jul 2025,
/id/api-integration/quick-start,https://docs.xendit.co/docs/id/create-an-api-key,endswith,16 Jul 2025,
/id/api-integration,https://docs.xendit.co/docs/id/payments-via-api-overview,endswith,16 Jul 2025,
/id/integrations,https://docs.xendit.co/docs/id/payments-via-api-overview,endswith,16 Jul 2025,
/id/xendisburse/apis/xendisburse-tips-best-practices,https://docs.xendit.co/docs/id/operations-guide,endswith,16 Jul 2025,
/id/xendisburse/disbursement-errors,https://docs.xendit.co/docs/id/test-scenarios-payouts,endswith,16 Jul 2025,
/id/xendisburse/apis/testing-disbursements,https://docs.xendit.co/docs/id/test-scenarios-payouts,endswith,16 Jul 2025,
/id/xendisburse/apis/using-disbursement,https://docs.xendit.co/docs/id/payouts-via-api,endswith,16 Jul 2025,
/id/xendisburse/apis/onboarding-and-activation,https://docs.xendit.co/docs/id/payouts-via-api,endswith,16 Jul 2025,
/id/xendisburse/faq,https://docs.xendit.co/docs/id/payouts-overview,endswith,16 Jul 2025,
/id/xendisburse/tracking-and-notifications,https://docs.xendit.co/docs/id/integration-payouts,endswith,16 Jul 2025,
/id/xendisburse/limits-and-processing-times,https://docs.xendit.co/docs/id/payouts-coverage-overview,endswith,16 Jul 2025,
/id/xendisburse/channel-codes,https://docs.xendit.co/docs/id/payouts-coverage-overview,endswith,16 Jul 2025,
/id/payouts/payout-flow,https://docs.xendit.co/docs/id/payout-links-overview,endswith,16 Jul 2025,
/id/payouts/create-payout,https://docs.xendit.co/docs/id/payout-link-via-dashboard,endswith,16 Jul 2025,
/id/payouts,https://docs.xendit.co/docs/id/payout-links-overview,endswith,16 Jul 2025,
/id/multi-level-approval-feature,https://docs.xendit.co/docs/id/batch-payout-approval-workflows,endswith,16 Jul 2025,
/id/xendisburse/batch-disbursement/testing-batch-disbursement,https://docs.xendit.co/docs/id/test-scenarios-payouts,endswith,16 Jul 2025,
/id/xendisburse/batch-disbursement/using-batch-disbursement,https://docs.xendit.co/docs/id/batch-payouts-via-dashboard,endswith,16 Jul 2025,
/id/xendisburse/batch-disbursement/onboarding-activation,https://docs.xendit.co/docs/id/batch-payouts-via-dashboard,endswith,16 Jul 2025,
/id/xendisburse/batch-disbursement,https://docs.xendit.co/docs/id/batch-payouts-via-dashboard,endswith,16 Jul 2025,
/id/api-payouts-beta/payouts-errors,https://docs.xendit.co/docs/id/test-scenarios-payouts,endswith,16 Jul 2025,
/id/api-payouts-beta/testing-payouts,https://docs.xendit.co/docs/id/test-scenarios-payouts,endswith,16 Jul 2025,
/docs/id/payout-links,docs/id/test-scenarios-payout-links,endswith,16 Jul 2025,
/docs/id/cross-border-payouts,docs/id/test-scenarios-cross-border-payouts,endswith,16 Jul 2025,
/docs/id/payouts-1,docs/id/test-scenarios-payouts,endswith,16 Jul 2025,
/id/api-payouts-beta/using-payouts,https://docs.xendit.co/docs/id/integration-payouts,endswith,16 Jul 2025,
/id/api-payouts-beta/activation,https://docs.xendit.co/docs/id/integration-payouts,endswith,16 Jul 2025,
/id/api-payouts-beta/api-payouts-beta,https://docs.xendit.co/docs/id/integration-payouts,endswith,16 Jul 2025,
/id/top-up,https://docs.xendit.co/docs/id/top-up-balance,endswith,16 Jul 2025,
/id/disbursement,https://docs.xendit.co/docs/id/payouts-overview,endswith,16 Jul 2025,
/id/subscriptions-payment-failure-code,https://docs.xendit.co/docs/id/subscriptions-overview,endswith,16 Jul 2025,
/id/subscriptions-webhook,https://docs.xendit.co/docs/id/subscriptions-overview,endswith,16 Jul 2025,
/id/using-your-own-linking-ui,https://docs.xendit.co/docs/id/subscriptions-overview,endswith,16 Jul 2025,
/id/using-xendit-linking-ui,https://docs.xendit.co/docs/id/subscriptions-overview,endswith,16 Jul 2025,
/id/integration-guide,https://docs.xendit.co/docs/id/subscriptions-overview,endswith,16 Jul 2025,
/id/recurring/test-setup,https://docs.xendit.co/docs/id/subscriptions-overview,endswith,16 Jul 2025,
/id/recurring/concepts,https://docs.xendit.co/docs/id/how-subscriptions-work,endswith,16 Jul 2025,
/id/recurring/features/paymentlink-for-failed-autocharged,https://docs.xendit.co/docs/id/recover-failed-payments,endswith,16 Jul 2025,
/id/recurring/features/force-recurring-cycle-attempt,https://docs.xendit.co/docs/id/subscriptions-overview,endswith,16 Jul 2025,
/id/recurring/pembuatan-rencana-melalui-dashboard,https://docs.xendit.co/docs/id/how-subscriptions-work,endswith,16 Jul 2025,
/id/recurring/features/features,https://docs.xendit.co/docs/id/subscriptions-features,endswith,16 Jul 2025,
/id/recurring/recurring-flows,https://docs.xendit.co/docs/id/subscriptions-overview,endswith,16 Jul 2025,
/id/recurring/payment-channels,https://docs.xendit.co/docs/id/subscriptions-features,endswith,16 Jul 2025,
/id/recurring,https://docs.xendit.co/docs/id/how-subscriptions-work,endswith,16 Jul 2025,
/id/ewallet/rules-and-limitation,https://docs.xendit.co/docs/id/available-payment-channels,endswith,14 Jul 2025,
/id/ewallet/settlements,https://docs.xendit.co/docs/id/settlements,endswith,14 Jul 2025,
/id/ewallet/activation,https://docs.xendit.co/docs/id/activating-payment-channels,endswith,14 Jul 2025,
/id/ewallet/payment-flows/void-and-refund,https://docs.xendit.co/docs/id/available-payment-channels,endswith,14 Jul 2025,
/id/ewallet/payment-flows/tokenized-payment,https://docs.xendit.co/docs/id/pay-and-save,endswith,14 Jul 2025,
/id/ewallet/payment-flows/one-time-payment,https://docs.xendit.co/docs/id/pay-one-off-payment,endswith,14 Jul 2025,
/docs/id/guest-checkout,docs/id/pay-one-off-payment,endswith,14 Jul 2025,
/id/ewallet,https://docs.xendit.co/docs/id/available-payment-channels,endswith,14 Jul 2025,
/id/xenpayments/virtual-account/rules-and-limitations,https://docs.xendit.co/docs/id/settlements,endswith,14 Jul 2025,
/id/xenpayments/virtual-account/settlement,https://docs.xendit.co/docs/id/settlements,endswith,14 Jul 2025,
/id/xenpayments/virtual-account/testing,https://docs.xendit.co/docs/id/error-scenarios,endswith,14 Jul 2025,
/id/xenpayments/virtual-account/making-payments,https://docs.xendit.co/docs/id/available-payment-channels,endswith,14 Jul 2025,
/id/xenpayments/virtual-account/onboarding-activation,https://docs.xendit.co/docs/id/activating-payment-channels,endswith,14 Jul 2025,
/id/xenpayments/virtual-account/feature-list,https://docs.xendit.co/docs/id/available-payment-channels,endswith,14 Jul 2025,
/id/xenpayments/virtual-account,https://docs.xendit.co/docs/id/available-payment-channels,endswith,14 Jul 2025,
/id/payment-link/faq,https://docs.xendit.co/docs/id/payment-links-api-overview,endswith,14 Jul 2025,
/id/payment-link/reports,https://docs.xendit.co/docs/id/transactions-report,endswith,14 Jul 2025,
/id/payment-link/notification-and-callback,https://docs.xendit.co/docs/id/send-notifications-to-customer,endswith,14 Jul 2025,
/id/payment-link/statuses,https://docs.xendit.co/docs/id/payments-via-api-overview,endswith,14 Jul 2025,
/id/payment-link/integration-and-testing/faq,https://docs.xendit.co/docs/id/payments-via-api-overview,endswith,14 Jul 2025,
/id/payment-link/integration-and-testing/payment-scenarios,https://docs.xendit.co/docs/id/payments-via-api-overview,endswith,14 Jul 2025,
/id/payment-link/integration-and-testing/payment-links-integration,/docs/payment-links-api-overview,replacewith,14 Jul 2025,
/id/payment-link/checkout-settings/analytics-setup,https://docs.xendit.co/docs/id/conversion-tracking,endswith,14 Jul 2025,
/id/payment-link/checkout-settings/checkout-settings,https://docs.xendit.co/docs/id/customize-xendit-hosted-page,endswith,14 Jul 2025,
/id/payment-link/payment-flows,https://docs.xendit.co/docs/id/payment-links-api-overview,endswith,11 Jul 2025,
/docs/id/overview-13,docs/id/payment-links-api-overview,endswith,11 Jul 2025,
/id/payment-link/payment-channels,https://docs.xendit.co/docs/id/available-payment-channels,endswith,11 Jul 2025,
/id/payment-link/batch-payment-link,https://docs.xendit.co/docs/id/how-payment-links-work,endswith,11 Jul 2025,
/id/payment-link/single-payment-link,https://docs.xendit.co/docs/id/how-payment-links-work,endswith,11 Jul 2025,
/id/payment-link,https://docs.xendit.co/docs/id/how-payment-links-work,endswith,11 Jul 2025,
/id/payment-channels-overview,https://docs.xendit.co/docs/id/available-payment-channels,endswith,11 Jul 2025,
/id/billing/withholding-tax-slip-23-slips-submission,https://docs.xendit.co/docs/id/indonesia-withholding-tax,endswith,11 Jul 2025,
/id/billing/reconciliation,https://docs.xendit.co/docs/id/your-invoice,endswith,10 Jul 2025,
/id/billing/billing-statement,https://docs.xendit.co/docs/id/your-invoice,endswith,10 Jul 2025,
/id/billing/balance,https://docs.xendit.co/docs/id/how-to-pay-bills,endswith,10 Jul 2025,
/id/billing,https://docs.xendit.co/docs/id/your-invoice,endswith,10 Jul 2025,
/id/dashboard/2-factor-authentication,https://docs.xendit.co/docs/id/set-up-2fa,endswith,10 Jul 2025,
/id/dashboard/manage-business-and-user-information,https://docs.xendit.co/docs/id/your-dashboard,endswith,10 Jul 2025,
/id/dashboard/invite-team-member/xenplatform,https://docs.xendit.co/docs/id/invite-team-members,endswith,10 Jul 2025,
/id/dashboard/invite-team-member,https://docs.xendit.co/docs/id/users-permissions,endswith,10 Jul 2025,
/id/dashboard/apps-and-partners,https://docs.xendit.co/docs/id/plug-ins-overview,endswith,10 Jul 2025,
/id/dashboard/navigation-inside-the-dashboard,https://docs.xendit.co/docs/id/your-dashboard,endswith,10 Jul 2025,
/id/dashboard/login-to-dashboard,https://docs.xendit.co/docs/id/your-dashboard,endswith,10 Jul 2025,
/id/accounts,https://docs.xendit.co/docs/id/account-security-overview,endswith,10 Jul 2025,
/id/fees-and-vat,https://docs.xendit.co/docs/id/transaction-fees,endswith,10 Jul 2025,
/id/withdrawal,/docs/id/withdrawal,replacewith,10 Jul 2025,
/docs/id/withdraw-from-a-balance,docs/id/withdrawal,endswith,10 Jul 2025,
/id/getting-started/activate-payment-method,https://docs.xendit.co/docs/id/activating-payment-channels,replacewith,10 Jul 2025,
/id/getting-started/activate-account,https://docs.xendit.co/docs/id/create-account,endswith,10 Jul 2025,
/id/getting-started/create-account,https://docs.xendit.co/docs/id/create-account,replacewith,10 Jul 2025,
/id/getting-started,/docs/id/overview,replacewith,10 Jul 2025,
/id,docs/id/overview,endswith,07 Jul 2025,
/docs/id/ip-whitelisting,docs/id/ip-allowlist,endswith,07 Jul 2025,
/docs/ip-whitelisting,docs/ip-allowlist,endswith,07 Jul 2025,
/docs/id/withholding-tax,docs/id/indonesia-withholding-tax,endswith,07 Jul 2025,
/docs/id/bill-issuing,docs/id/your-invoice,endswith,07 Jul 2025,
/docs/id/overview-7,docs/id/transaction-fees,endswith,07 Jul 2025,
/docs/id/overview-6,docs/id/reports-overview,endswith,07 Jul 2025,
/docs/id/overview-5,docs/id/balance-overview,endswith,07 Jul 2025,
/docs/choosing-the-right-payout-product,docs/available-payout-products,endswith,07 Jul 2025,
/docs/id/managing-disputes,docs/id/managing-chargebacks,endswith,07 Jul 2025,
/docs/id/manage-disputes,docs/id/manage-fraud-with-xenshield,endswith,07 Jul 2025,
/docs/id/understanding-disputes,docs/id/understanding-payment-fraud,endswith,07 Jul 2025,
/docs/id/overview-3,docs/id/plug-ins-overview,endswith,07 Jul 2025,
/docs/id/setting-up-webhooks,docs/id/set-up-webhooks,endswith,07 Jul 2025,
/docs/id/creating-an-api-key,docs/id/create-an-api-key,endswith,07 Jul 2025,
/docs/id/wix-2,docs/id/magento-introduction,endswith,07 Jul 2025,
/docs/id/wix-1,docs/id/wix-introduction,endswith,07 Jul 2025,
/docs/id/woocoomerce,docs/id/woocommerce-introduction,endswith,07 Jul 2025,
/docs/woocoomerce-introduction,docs/woocommerce-introduction,endswith,07 Jul 2025,
/docs/woocoomerce-overview,docs/woocommerce-introduction,endswith,07 Jul 2025,
/docs/woocoomerce,docs/woocommerce-introduction,endswith,07 Jul 2025,
/docs/id/shopify-1,docs/id/shopify-introduction,endswith,07 Jul 2025,
/docs/id/features-2,docs/id/payment-sessions-features,endswith,07 Jul 2025,
/docs/id/xenplatform-transaction-reports,docs/id/consolidated-reports,endswith,07 Jul 2025,
/docs/id/real-time-transactions,docs/id/xenplatform-monitoring-transactions,endswith,07 Jul 2025,
/docs/id/create-payouts-for-sub-accounts,docs/id/payouts-for-sub-accounts,endswith,07 Jul 2025,
/docs/id/transfer-between-accounts,docs/id/transfer-balances,endswith,07 Jul 2025,
/docs/id/handle-webhooks,docs/id/account-holder-webhooks,endswith,07 Jul 2025,
/docs/id/overview-2,docs/id/xenplatform-api-verification-overview,endswith,06 Jul 2025,
/docs/id/inviting-team-members,docs/id/invite-team-members,endswith,06 Jul 2025,
/docs/id/verify-merchants,docs/id/verify-sub-accounts,endswith,06 Jul 2025,
/docs/id/xenplatform-pricing,docs/id/xenplatform-fees,endswith,06 Jul 2025,
/docs/id/activating-xenplatform,docs/id/activate-xenplatform,endswith,06 Jul 2025,
/docs/enable-xenplatform,docs/activate-xenplatform,endswith,06 Jul 2025,
/docs/id/overview-9,docs/id/xenplatform-overview,endswith,06 Jul 2025,
/docs/id/access-control,docs/id/users-permissions,endswith,04 Jul 2025,
/apidocs/handling-webhooks,apidocs/webhook-behavior,endswith,01 Jul 2025,
/webhook,/docs/handling-webhooks,endswith,01 Jul 2025,
/api-reference/ewallets/get-payment-status,/apidocs/get-payment,endswith,30 Jun 2025,
/api-reference/id,/apidocs,endswith,30 Jun 2025,
/api-reference,/apidocs,endswith,30 Jun 2025,
/api-reference/payments-api/,/apidocs,endswith,30 Jun 2025,
/xendisburse/bank-codes,/docs/payouts-coverage-overview,endswith,27 Jun 2025,
/docs/id/supported-use-cases,docs/id/payment-links-features,endswith,26 Jun 2025,
/docs/id/features-1,docs/id/payments-api-features,endswith,26 Jun 2025,
/docs/id/overview-4,docs/id/payouts-overview,endswith,26 Jun 2025,
/docs/id/overview-12,docs/id/subscriptions-overview,endswith,26 Jun 2025,
/docs/id/overview-11,docs/id/payment-sessions-overview,endswith,26 Jun 2025,
/docs/id/virtual-credit-card-processing,docs/id/cards-virtual-credit-card-processing,endswith,26 Jun 2025,
/docs/id/card-token-migration,docs/id/cards-token-migration,endswith,26 Jun 2025,
/docs/id/address-verification-service-avs,docs/id/cards-address-verification-service,endswith,26 Jun 2025,
/docs/id/card-declines-and-error-codes,docs/id/cards-card-declines-and-error-codes,endswith,26 Jun 2025,
/docs/id/cancel-a-payment-1,docs/id/cards-cancel-a-payment,endswith,26 Jun 2025,
/docs/id/refund-a-card-payment,docs/id/cards-refund-a-card-payment,endswith,26 Jun 2025,
/docs/id/capturing-a-card-payment,docs/id/cards-capturing-a-card-payment,endswith,26 Jun 2025,
/docs/id/collecting-card-information,docs/id/cards-collecting-card-information,endswith,26 Jun 2025,
/docs/id/pay-and-save-1,docs/id/cards-pay-and-save,endswith,26 Jun 2025,
/docs/id/guest-checkout-one-of-transaction,docs/id/cards-guest-checkout-one-off-payment,endswith,26 Jun 2025,
/docs/id/store-a-card-for-one-click,docs/id/cards-save-a-card,endswith,26 Jun 2025,
/docs/id/documentation-template,docs/id/cards-network-tokens,endswith,26 Jun 2025,
/docs/documentation-template-14,docs/refund-payment-request,endswith,26 Jun 2025,
/docs/how-payment-links-works-api-overview,/payment-links-api-overview,endswith,26 Jun 2025,
/docs/how-payment-links-works-features,/docs/payment-links-features,endswith,26 Jun 2025,
/docs/id/all-payment-channels,docs/id/available-payment-channels,endswith,26 Jun 2025,
/docs/id/top-up-a-balance,docs/id/top-up-balance,endswith,26 Jun 2025,
/docs/id/payout-link,docs/id/integration-payout-links,endswith,26 Jun 2025,
/docs/id/payout,docs/id/integration-payouts,endswith,26 Jun 2025,
/docs/id/cross-border-payout,docs/id/integration-cross-border-payouts,endswith,26 Jun 2025,
/docs/id/setting-up-webhooks-1,docs/id/payouts-set-up-webhooks,endswith,26 Jun 2025,
/docs/id/dashboard-creation,docs/id/payout-link-via-dashboard,endswith,26 Jun 2025,
/docs/batch-payout-link,docs/payout-link-via-dashboard,endswith,26 Jun 2025,
/docs/dashboard-creation,docs/payout-link-via-dashboard,endswith,26 Jun 2025,
/docs/id/product-overview-1,docs/id/payout-links-overview,endswith,26 Jun 2025,
/docs/id/batch-creation,docs/id/batch-cross-border-payouts,endswith,26 Jun 2025,
/docs/id/product-overview,docs/id/cross-border-payouts-overview,endswith,26 Jun 2025,
/docs/id/batch-payouts-approval,docs/id/batch-payout-approval-workflows,endswith,26 Jun 2025,
/docs/id/single-batch-payouts,docs/id/batch-payouts-via-dashboard,endswith,26 Jun 2025,
/docs/id/product-overview-2,docs/id/payouts-via-api,endswith,26 Jun 2025,
/docs/id/vietnam-1,docs/id/payouts-vietnam,endswith,26 Jun 2025,
/docs/id/payout-coverage-country-1,docs/id/payouts-thailand,endswith,26 Jun 2025,
/docs/id/malaysia-1,docs/id/payouts-malaysia,endswith,26 Jun 2025,
/docs/id/payout-coverage-country,docs/id/payouts-philippines,endswith,26 Jun 2025,
/docs/id/indonesia-1,docs/id/payouts-indonesia,endswith,26 Jun 2025,
/docs/id/available-payout-channels,docs/id/payouts-coverage-overview,endswith,26 Jun 2025,
/docs/id/payout-tracking,docs/id/payout-status-lifecycle,endswith,26 Jun 2025,
/docs/id/glossary-template,docs/id/cards-simulate-card-scenarios,endswith,24 Jun 2025,
/xenpayments/virtual-account/testing,/docs/simulate-error-scenarios,replacewith,24 Jun 2025,
/xenpayments/virtual-account/settlement,/docs/available-payment-channels,replacewith,24 Jun 2025,
/xenpayments/virtual-account/rules-and-limitations,/docs/available-payment-channels,replacewith,24 Jun 2025,
/xenpayments/virtual-account/onboarding-activation,/docs/activate-payment-channels,replacewith,24 Jun 2025,
/xenpayments/virtual-account/making-payments,/,replacewith,24 Jun 2025,
/xenpayments/virtual-account/feature-list,/docs/available-payment-channels,replacewith,24 Jun 2025,
/xenpayments/virtual-account,/docs/available-payment-channels,replacewith,24 Jun 2025,
/xenpayments/retail-outlet/testing,/docs/simulate-error-scenarios,replacewith,24 Jun 2025,
/xenpayments/retail-outlet/settlement,/docs/available-payment-channels,replacewith,24 Jun 2025,
/xenpayments/retail-outlet/rules-and-limitations,/docs/available-payment-channels,replacewith,24 Jun 2025,
/xenpayments/retail-outlet/payment-flow,/docs/available-payment-channels,replacewith,24 Jun 2025,
/xenpayments/retail-outlet/onboarding-and-activation,/docs/activate-payment-channels,replacewith,24 Jun 2025,
/xenpayments/retail-outlet/feature-suite,/docs/available-payment-channels,replacewith,24 Jun 2025,
/xenpayments/retail-outlet,/docs/available-payment-channels,replacewith,24 Jun 2025,
/xendisburse/tracking-and-notifications,/docs/integration-payouts,replacewith,24 Jun 2025,
/xendisburse/limits-and-processing-times,/docs/payouts-coverage-overview,replacewith,24 Jun 2025,
/xendisburse/faq,/docs/payouts-overview,replacewith,24 Jun 2025,
/xendisburse/disbursement-errors,/docs/test-scenarios-payouts,replacewith,24 Jun 2025,
/xendisburse/channel-codes,/docs/payouts-coverage-overview,replacewith,24 Jun 2025,
/xendisburse/batch-disbursement/using-batch-disbursement,/docs/batch-payouts-via-dashboard,replacewith,24 Jun 2025,
/xendisburse/batch-disbursement/testing-batch-disbursement,/batch-payouts-via-dashboard,replacewith,24 Jun 2025,
/xendisburse/batch-disbursement/onboarding-activation,/docs/payouts-via-api,replacewith,24 Jun 2025,
/xendisburse/batch-disbursement,/batch-payouts-via-dashboard,replacewith,24 Jun 2025,
/xendisburse/apis/xendisburse-tips-best-practices,/docs/optimizing-operations,replacewith,24 Jun 2025,
/xendisburse/apis/using-disbursement,/docs/integration-payouts,replacewith,24 Jun 2025,
/xendisburse/apis/testing-disbursements,/docs/test-scenarios-payouts,replacewith,24 Jun 2025,
/xendisburse/apis/onboarding-and-activation,/docs/payouts-via-api,replacewith,24 Jun 2025,
/withdrawal,/docs/withdrawal,replacewith,24 Jun 2025,
/webhook/setup-guide/php,/apidocs/webhook-behavior,replacewith,24 Jun 2025,
/webhook/getting-started,/apidocs/webhook-behavior,replacewith,24 Jun 2025,
/webhook/faq,/docs/handling-webhooks,replacewith,24 Jun 2025,
/webhook/events,/apidocs/webhook-behavior,replacewith,24 Jun 2025,
/webhook/delivery-attempts-and-retries,/apidocs/webhook-behavior,replacewith,24 Jun 2025,
/top-up,/docs/top-up-balance,replacewith,24 Jun 2025,
/tokenization-with-payments-api,/docs/pay-and-save,replacewith,24 Jun 2025,
/test-page-2,/,replacewith,24 Jun 2025,
/subscriptions/using-your-own-linking-ui,/docs/subscriptions-overview,replacewith,24 Jun 2025,
/subscriptions/using-xendit-linking-ui,/docs/subscriptions-overview,replacewith,24 Jun 2025,
/subscriptions/before-integration,/docs/check-channel-activations,replacewith,24 Jun 2025,
/subscriptions-webhook,/docs/subscriptions-overview,replacewith,24 Jun 2025,
/subscriptions-payment-failure-code,/docs/subscriptions-overview,replacewith,24 Jun 2025,
/settlement-overview,/docs/available-payment-channels,replacewith,24 Jun 2025,
/reports/transaction,/docs/transactions-report,replacewith,24 Jun 2025,
/reports/schedule,/docs/scheduling-reports,replacewith,24 Jun 2025,
/reports/balance-report,/docs/balance-report,replacewith,24 Jun 2025,
/reports/balance,/docs/balance-report,replacewith,24 Jun 2025,
/reports/auto-withdrawal,/docs/auto-withdrawal-report,replacewith,24 Jun 2025,
/reports,/docs/reports-overview,replacewith,24 Jun 2025,
/recurring/usage-based-subscription,/docs/usage-based-subscriptions,replacewith,24 Jun 2025,
/recurring/test-setup,/docs/subscriptions-overview,replacewith,24 Jun 2025,
/recurring/recurring-flows,/docs/subscriptions-overview,replacewith,24 Jun 2025,
/recurring/plan-creation-via-dashboard,/docs/how-subscriptions-work,replacewith,24 Jun 2025,
/recurring/payment-channels,/docs/subscriptions-features,replacewith,24 Jun 2025,
/recurring/integration-guide,/docs/subscriptions-overview,replacewith,24 Jun 2025,
/recurring/fixed-amount-subscription,/docs/fixed-amount-subscriptions,replacewith,24 Jun 2025,
/recurring/features/paymentlink-for-failed-autocharged,/docs/docs/recover-failed-payments,replacewith,24 Jun 2025,
/recurring/features/force-recurring-cycle-attempt,/docs/subscriptions-overview,replacewith,24 Jun 2025,
/recurring/features/features,/docs/subscriptions-features,replacewith,24 Jun 2025,
/recurring/concepts,/docs/how-subscriptions-work,replacewith,24 Jun 2025,
/recurring/archive/recurring-payment/create-recurring-payment,/docs/how-subscriptions-work,replacewith,24 Jun 2025,
/recurring/archive/recurring-payment,/docs/how-subscriptions-work,replacewith,24 Jun 2025,
/recurring,/docs/how-subscriptions-work,replacewith,24 Jun 2025,
/qr-codes/settlements,/docs/available-payment-channels,replacewith,24 Jun 2025,
/qr-codes/rules-and-limitations,/docs/available-payment-channels,replacewith,24 Jun 2025,
/qr-codes/payment-flows/refund,/docs/available-payment-channels,replacewith,24 Jun 2025,
/qr-codes/payment-flows/payment,/docs/available-payment-channels,replacewith,24 Jun 2025,
/qr-codes/media-assets,/,replacewith,24 Jun 2025,
/qr-codes/integrations/test-scenarios,/docs/simulate-error-scenarios,replacewith,24 Jun 2025,
/qr-codes/integrations/test-guideline,/docs/simulate-error-scenarios,replacewith,24 Jun 2025,
/qr-codes/chargebacks,/docs/understanding-chargebacks,replacewith,24 Jun 2025,
/qr-codes/activation,/docs/activate-payment-channels,replacewith,24 Jun 2025,
/qr-codes,/docs/available-payment-channels,replacewith,24 Jun 2025,
/plugins-or-extensions,/docs/how-plug-ins-work,replacewith,24 Jun 2025,
/philippines-withholding-tax,/docs/philippines-withholding-tax,replacewith,24 Jun 2025,
/payouts/payout-flow,/docs/payouts-via-api,replacewith,24 Jun 2025,
/payouts/create-payout,/docs/payouts-via-api,replacewith,24 Jun 2025,
/payment-link/statuses,/docs/payment-links-api-overview,replacewith,24 Jun 2025,
/payment-link/single-payment-link,/docs/how-payment-links-work,replacewith,24 Jun 2025,
/payment-link/reports,/docs/transactions-report,replacewith,24 Jun 2025,
/payment-link/payment-flows,/docs/payment-links-api-overview,replacewith,24 Jun 2025,
/payment-link/payment-channels,/docs/payment-links-api-overview,replacewith,24 Jun 2025,
/payment-link/notification-and-callback,/docs/payment-links-api-overview,replacewith,24 Jun 2025,
/payment-link/multiple-payment-link,/docs/how-payment-links-work,replacewith,24 Jun 2025,
/payment-link/integration-and-testing/payment-scenarios,/docs/payment-links-api-overview,replacewith,24 Jun 2025,
/payment-link/integration-and-testing/payment-links-integration,/docs/payment-links-api-overview,replacewith,24 Jun 2025,
/payment-link/integration-and-testing/faq,/docs/woocoomerce-introduction,replacewith,24 Jun 2025,
/payment-link/faq,/docs/payment-links-api-overview,replacewith,24 Jun 2025,
/payment-link/checkout-settings/checkout-settings,/docs/customize-checkout-page,replacewith,24 Jun 2025,
/payment-link/checkout-settings/analytics-setup,/docs/conversion-tracking,replacewith,24 Jun 2025,
/payment-link/batch-payment-link,/docs/how-payment-links-work,replacewith,24 Jun 2025,
/payment-channels-overview,/docs/available-payment-channels,replacewith,24 Jun 2025,
/payment-api/rules-and-limitations,/docs/available-payment-channels,replacewith,24 Jun 2025,
/payment-api/reconciliation,/docs/payments-via-api-overview,replacewith,24 Jun 2025,
/payment-api/payment-api-flow,/docs/payments-via-api-overview,replacewith,24 Jun 2025,
/payment-api/overview,/docs/payments-via-api-overview,replacewith,24 Jun 2025,
/payment-api/integration-guide/pre-integration-checklists,/docs/payments-via-api-overview,replacewith,24 Jun 2025,
/payment-api/integration-guide/integration-guide,/docs/payments-via-api-overview,replacewith,24 Jun 2025,
/payment-api/glossary,/docs/payments-via-api-overview,replacewith,24 Jun 2025,
/payment-api/faq,/docs/payments-via-api-overview,replacewith,24 Jun 2025,
/paylater/settlement,/docs/docs/paylater-channels,replacewith,24 Jun 2025,
/paylater/rules-and-limitations,/docs/docs/paylater-channels,replacewith,24 Jun 2025,
/paylater/refunds,/docs/docs/paylater-channels,replacewith,24 Jun 2025,
/paylater/payment-flows,/docs/docs/paylater-channels,replacewith,24 Jun 2025,
/paylater/media-asset,/docs/docs/paylater-channels,replacewith,24 Jun 2025,
/paylater/integrations/xeninvoice,/docs/how-payment-links-work,replacewith,24 Jun 2025,
/paylater/integrations/third-party-integrations,/docs/docs/paylater-channels,replacewith,24 Jun 2025,
/paylater/integrations/test-scenarios/general,/docs/docs/paylater-channels,replacewith,24 Jun 2025,
/paylater/integrations/best-practices,/docs/docs/paylater-channels,replacewith,24 Jun 2025,
/paylater/integrations/api,/docs/docs/paylater-channels,replacewith,24 Jun 2025,
/paylater/integrations,/docs/docs/paylater-channels,replacewith,24 Jun 2025,
/paylater/faq,/docs/docs/paylater-channels,replacewith,24 Jun 2025,
/paylater/cancellations,/docs/docs/paylater-channels,replacewith,24 Jun 2025,
/paylater/activation/kredivo-uat,/docs/docs/paylater-channels,replacewith,24 Jun 2025,
/paylater/activation/general,/docs/docs/paylater-channels,replacewith,24 Jun 2025,
/paylater/activation,/docs/docs/paylater-channels,replacewith,24 Jun 2025,
/paylater,/docs/docs/paylater-channels,replacewith,24 Jun 2025,
/multicurrency-crossborder-payouts/product-flow,/docs/cross-border-payouts-overview,replacewith,24 Jun 2025,
/multicurrency-crossborder-payouts/process-flow,/docs/cross-border-payouts-overview,replacewith,24 Jun 2025,
/multicurrency-crossborder-payouts/operations,/docs/cross-border-payouts-overview,replacewith,24 Jun 2025,
/multicurrency-crossborder-payouts/corridors,/docs/cross-border-payouts-overview,replacewith,24 Jun 2025,
/multicurrency-crossborder-payouts/activation,/docs/cross-border-payouts-overview,replacewith,24 Jun 2025,
/multicurrency-crossborder-payouts,/docs/cross-border-payouts-overview,replacewith,24 Jun 2025,
/multi-level-approval-feature,/docs/batch-payout-approval-workflows,replacewith,24 Jun 2025,
/integrations/zapier/how-to-integrate,/docs/plug-ins-overview,replacewith,24 Jun 2025,
/integrations/zapier/features,/docs/plug-ins-overview,replacewith,24 Jun 2025,
/integrations/zapier,/docs/plug-ins-overview,replacewith,24 Jun 2025,
/integrations/xero/integrating-with-xero-custom-url/using-xendit-invoice-on-xero,/docs/plug-ins-overview,replacewith,24 Jun 2025,
/integrations/xero/integrating-with-xero-custom-url,/docs/plug-ins-overview,replacewith,24 Jun 2025,
/integrations/xero,/docs/plug-ins-overview,replacewith,24 Jun 2025,
/integrations/woocommerce/refund,/docs/woocoomerce-introduction,replacewith,24 Jun 2025,
/integrations/woocommerce/payment-flow,/docs/woocoomerce-introduction,replacewith,24 Jun 2025,
/integrations/woocommerce/features,/docs/woocoomerce-introduction,replacewith,24 Jun 2025,
/integrations/woocommerce,/docs/plug-ins-overview,replacewith,24 Jun 2025,
/integrations/wix/wix-payment-flow,/docs/wix-introduction,replacewith,24 Jun 2025,
/integrations/wix/how-to-integrate-with-wix,/docs/wix,replacewith,24 Jun 2025,
/integrations/wix/features,/docs/wix-introduction,replacewith,24 Jun 2025,
/integrations/wix,/docs/wix,replacewith,24 Jun 2025,
/integrations/whmcs/integration-steps,/docs/plug-ins-overview,replacewith,24 Jun 2025,
/integrations/whmcs,/docs/plug-ins-overview,replacewith,24 Jun 2025,
/integrations/shopify/steps-to-integrate,/docs/shopify,replacewith,24 Jun 2025,
/integrations/shopify/payment-flow,/docs/woocoomerce-introduction,replacewith,24 Jun 2025,
/integrations/shopify/features,/docs/shopify-introduction,replacewith,24 Jun 2025,
/integrations/shopify/customization,/docs/shopify,replacewith,24 Jun 2025,
/integrations/shopify,/docs/shopify,replacewith,24 Jun 2025,
/integrations/opencart/opencart-payment-flow,/docs/plug-ins-overview,replacewith,24 Jun 2025,
/integrations/opencart/how-to-integrate-with-opencart,/docs/plug-ins-overview,replacewith,24 Jun 2025,
/integrations/opencart,/docs/plug-ins-overview,replacewith,24 Jun 2025,
/integrations/odoo/integration-steps,/docs/plug-ins-overview,replacewith,24 Jun 2025,
/integrations/odoo,/docs/plug-ins-overview,replacewith,24 Jun 2025,
/integrations/magento-m2/refund-transaction-on-magento-m2,/docs/magento-introduction,replacewith,24 Jun 2025,
/integrations/magento-m2/magento-payment-flow,/docs/magento-introduction,replacewith,24 Jun 2025,
/integrations/magento-m2/how-to-integrate-with-magento,/docs/magento,replacewith,24 Jun 2025,
/integrations/magento-m2,/docs/magento,replacewith,24 Jun 2025,
/integrations/libraries/python,/,replacewith,24 Jun 2025,
/integrations/libraries/php-composer-guide,/,replacewith,24 Jun 2025,
/integrations/libraries/php,/,replacewith,24 Jun 2025,
/integrations/libraries/node-js,/,replacewith,24 Jun 2025,
/integrations/libraries/ios-sdk,/,replacewith,24 Jun 2025,
/integrations/libraries/go,/,replacewith,24 Jun 2025,
/integrations/libraries/android-sdk/using-xendit-android-sdk,/,replacewith,24 Jun 2025,
/integrations/libraries/android-sdk/how-to-install-android-sdk,/,replacewith,24 Jun 2025,
/integrations/libraries/android-sdk,/,replacewith,24 Jun 2025,
/integrations/libraries,/,replacewith,24 Jun 2025,
/integrations/ecwid/integration-steps,/docs/plug-ins-overview,replacewith,24 Jun 2025,
/integrations/ecwid/features,/docs/plug-ins-overview,replacewith,24 Jun 2025,
/integrations/ecwid/customization,/docs/plug-ins-overview,replacewith,24 Jun 2025,
/integrations/ecwid,/docs/plug-ins-overview,replacewith,24 Jun 2025,
/integrations/easy-digital-downloads,/docs/plug-ins-overview,replacewith,24 Jun 2025,
/integrations,/,replacewith,24 Jun 2025,
/installation-for-cloudbeds-booking-page-v3,/docs/plug-ins-overview,replacewith,24 Jun 2025,
/idr-crossborder-payout/start-testing,/docs/cross-border-payouts-overview,replacewith,24 Jun 2025,
/idr-crossborder-payout/set-your-callback-url,/docs/payouts-set-up-webhooks,replacewith,24 Jun 2025,
/idr-crossborder-payout/set-up-your-account,/docs/cross-border-payouts-overview,replacewith,24 Jun 2025,
/idr-crossborder-payout/retrieve-your-api-key,/docs/payouts-creating-an-api-key,replacewith,24 Jun 2025,
/idr-crossborder-payout/prefunding-your-remittance-balance,/docs/cross-border-payouts-overview,replacewith,24 Jun 2025,
/idr-crossborder-payout/postman-collection,/,replacewith,24 Jun 2025,
/getting-started/create-account,/docs/create-account,replacewith,24 Jun 2025,
/getting-started/activate-payment-method,/docs/activate-payment-channels,replacewith,24 Jun 2025,
/getting-started/activate-account,/docs/overview,replacewith,24 Jun 2025,
/getting-started,/docs/overview,replacewith,24 Jun 2025,
/fees-and-vat,/docs/value-added-tax-vat,replacewith,24 Jun 2025,
/ewallet/settlements,/docs/available-payment-channels,replacewith,24 Jun 2025,
/ewallet/rules-and-limitation,/docs/available-payment-channels,replacewith,24 Jun 2025,
/ewallet/payment-flows/void-and-refund,/docs/available-payment-channels,replacewith,24 Jun 2025,
/ewallet/payment-flows/tokenized-payment,/docs/pay-and-save,replacewith,24 Jun 2025,
/ewallet/payment-flows/one-time-payment,/docs/pay-one-off-payment,replacewith,24 Jun 2025,
/ewallet/media-assets,/,replacewith,24 Jun 2025,
/ewallet/integrations/test-scenarios,/docs/simulate-error-scenarios,replacewith,24 Jun 2025,
/ewallet/integrations/test-guideline,/docs/simulate-error-scenarios,replacewith,24 Jun 2025,
/ewallet/integrations/errors,/docs/docs/error-scenarios,replacewith,24 Jun 2025,
/ewallet/integrations/best-practices,/docs/integration-security,replacewith,24 Jun 2025,
/ewallet/integrations,/docs/payments-via-api-overview,replacewith,24 Jun 2025,
/ewallet/checkout-methods,/docs/activate-payment-channels,replacewith,24 Jun 2025,
/ewallet/chargebacks,/docs/understanding-chargebacks,replacewith,24 Jun 2025,
/ewallet/activation,/docs/activate-payment-channels,replacewith,24 Jun 2025,
/ewallet,/docs/available-payment-channels,replacewith,24 Jun 2025,
/early-settlement/pricing-billing-limits,/docs/early-settlement,replacewith,24 Jun 2025,
/early-settlement/navigation,/docs/early-settlement,replacewith,24 Jun 2025,
/early-settlement/faqs,/docs/early-settlement,replacewith,24 Jun 2025,
/early-settlement/channels,/docs/early-settlement,replacewith,24 Jun 2025,
/early-settlement/activation,/docs/early-settlement,replacewith,24 Jun 2025,
/early-settlement,/docs/early-settlement,replacewith,24 Jun 2025,
/docs-test-page,/,replacewith,24 Jun 2025,
/disbursement-channels,/docs/payouts-coverage-overview,replacewith,24 Jun 2025,
/disbursement,/docs/payouts-overview,replacewith,24 Jun 2025,
/direct-debit/rules-limitations,/docs/available-payment-channels,replacewith,24 Jun 2025,
/direct-debit/payment-flow,/docs/available-payment-channels,replacewith,24 Jun 2025,
/direct-debit/integration-guide/payment-scenarios,/docs/simulate-error-scenarios,replacewith,24 Jun 2025,
/direct-debit/integration-guide/handling-invalid-expired-tokens,/docs/save-payment-information,replacewith,24 Jun 2025,
/direct-debit/integration-guide/account-unlinking,/docs/save-payment-information,replacewith,24 Jun 2025,
/direct-debit/integration-guide/account-linking/account-linking-flow,/docs/save-payment-information,replacewith,24 Jun 2025,
/direct-debit/integration-guide/account-linking,/docs/save-payment-information,replacewith,24 Jun 2025,
/direct-debit/integration-guide,/docs/payments-via-api-overview,replacewith,24 Jun 2025,
/direct-debit/activation,/docs/activate-payment-channels,replacewith,24 Jun 2025,
/direct-debit/account-linking-flows,/docs/save-payment-information,replacewith,24 Jun 2025,
/direct-debit,/docs/available-payment-channels,replacewith,24 Jun 2025,
/dashboard/navigation-inside-the-dashboard,//docs/your-dashboard,replacewith,24 Jun 2025,
/dashboard/manage-business-and-user-information,/docs/create-account,replacewith,24 Jun 2025,
/dashboard/login-to-dashboard,//docs/your-dashboard,replacewith,24 Jun 2025,
/dashboard/invite-team-member,/docs/users-permissions,replacewith,24 Jun 2025,
/dashboard/apps-and-partners,/,replacewith,24 Jun 2025,
/dashboard/2-factor-authentication,/docs/set-up-2fa,replacewith,24 Jun 2025,
/dashboard-overview,/docs/your-dashboard,replacewith,24 Jun 2025,
/credit-cards/xenshield,/docs/manage-fraud-with-xenshield,replacewith,24 Jun 2025,
/credit-cards/understanding-card-declines,/docs/cards-card-declines-and-error-codes,replacewith,24 Jun 2025,
/credit-cards/supported-currencies,/docs/available-payment-channels,replacewith,24 Jun 2025,
/credit-cards/subscriptions,/docs/cards-recurring-and-merchant-initiated-transactions,replacewith,24 Jun 2025,
/credit-cards/settlement,/docs/available-payment-channels,replacewith,24 Jun 2025,
/credit-cards/rules-and-limitations,/docs/available-payment-channels,replacewith,24 Jun 2025,
/credit-cards/refunds,/apidocs/refund-payment-request,replacewith,24 Jun 2025,
/credit-cards/promotions,/,replacewith,24 Jun 2025,
/credit-cards/moving-from-6-digit-bin-to-8-digit-bin,/,replacewith,24 Jun 2025,
/credit-cards/integrations/refunds,/docs/cards-refund-a-card-payment,replacewith,24 Jun 2025,
/credit-cards/integrations/promotions,/,replacewith,24 Jun 2025,
/credit-cards/integrations/multiple-charges,/docs/pay-and-save,replacewith,24 Jun 2025,
/credit-cards/integrations/installments,/,replacewith,24 Jun 2025,
/credit-cards/integrations/authentication/migration-to-3ds-2,/docs/cards-authentication-3ds2,replacewith,24 Jun 2025,
/credit-cards/integrations/authentication,/docs/cards-authentication-3ds2,replacewith,24 Jun 2025,
/credit-cards/foreign-transactions,/docs/cards-api-overview,replacewith,24 Jun 2025,
/credit-cards/faq,/docs/cards-api-overview,replacewith,24 Jun 2025,
/credit-cards/dashboard-permissions,/docs/users-permissions,replacewith,24 Jun 2025,
/credit-cards/chargebacks,/docs/understanding-chargebacks,replacewith,24 Jun 2025,
/credit-cards/authentication/dynamic-3ds,/docs/cards-authentication-3ds2,replacewith,24 Jun 2025,
/credit-cards/authentication/3ds-2,/docs/cards-authentication-3ds2,replacewith,24 Jun 2025,
/credit-cards/authentication/3ds,/docs/cards-authentication-3ds2,replacewith,24 Jun 2025,
/credit-cards/activation,/docs/activate-payment-channels,replacewith,24 Jun 2025,
/credit-cards,/docs/cards-api-overview,replacewith,24 Jun 2025,
/create-a-virtual-account-via-api,/docs/payments-via-api-overview,replacewith,24 Jun 2025,
/create-a-checkout-page-via-api,/docs/payment-links-api-overview,replacewith,24 Jun 2025,
/cloudbeds-integration,/docs/plug-ins-overview,replacewith,24 Jun 2025,
/cloudbeds,/docs/how-plug-ins-work,replacewith,24 Jun 2025,
/billing/withholding-tax-slip-23-slips-submission,/docs/indonesia-withholding-tax,replacewith,24 Jun 2025,
/billing/withholding-tax-on-gross-remittances-ph,/docs/philippines-withholding-tax,replacewith,24 Jun 2025,
/billing/reconciliation,/docs/your-invoice,replacewith,24 Jun 2025,
/billing/deduction-method,/docs/how-to-pay-bills,replacewith,24 Jun 2025,
/billing/billing-statement,/docs/transaction-fees,replacewith,24 Jun 2025,
/billing/balance,/docs/how-to-pay-bills,replacewith,24 Jun 2025,
/auto-withdrawal,/docs/auto-withdrawal,replacewith,24 Jun 2025,
/api-payouts-beta/using-payouts,/docs/integration-payouts,replacewith,24 Jun 2025,
/api-payouts-beta/testing-payouts,/docs/test-scenarios-payouts,replacewith,24 Jun 2025,
/api-payouts-beta/payouts-errors,/docs/integration-payouts,replacewith,24 Jun 2025,
/credit-cards/installments,/,replacewith,24 Jun 2025,
/api-payouts-beta/api-payouts-beta,/docs/payouts-via-api,replacewith,24 Jun 2025,
/api-payouts-beta/activation,/docs/payouts-via-api,replacewith,24 Jun 2025,
/api-integration/ip-allowlist,/docs/ip-whitelisting,replacewith,24 Jun 2025,
/api-integration/api-logs,/docs/api-keys,replacewith,24 Jun 2025,
/api-integration/api-keys,/docs/api-keys,replacewith,24 Jun 2025,
/api-integration,/docs/api-keys,replacewith,24 Jun 2025,
/docs/cards-choose-the-correct-integration,docs/available-integrations,endswith,23 Jun 2025,
/docs/choose-the-correct-integration,docs/available-integrations,endswith,23 Jun 2025,
/docs/choosing-the-correct-integration,docs/available-integrations,endswith,23 Jun 2025,
/docs/id/channel-properties,docs/id/routing-payment-channels,endswith,22 Jun 2025,
/docs/id/overview-1,docs/id/payments-via-api-overview,endswith,22 Jun 2025,
/docs/managing-disputes,docs/managing-chargebacks,endswith,20 Jun 2025,
/docs/understanding-disputes-1,docs/understanding-chargebacks,endswith,20 Jun 2025,
/apidocs/filesfile-id-1,apidocs/delete-file,endswith,19 Jun 2025,
/apidocs/filesfile-iddownload,apidocs/file-download,endswith,19 Jun 2025,
/apidocs/filesfile-id,apidocs/get-file,endswith,19 Jun 2025,
/apidocs/customers-1,apidocs/get-customer-reference-id,endswith,19 Jun 2025,
/apidocs/introduction-2,apidocs/accounts-misc-introduction,endswith,19 Jun 2025,
/apidocs/get-cross-border-payout-by-id,apidocs/get-cross-border-payout,endswith,19 Jun 2025,
/apidocs/cross-border-payout-webhook,apidocs/cross-border-payout-webhook-notification,endswith,19 Jun 2025,
/apidocs/create-a-cross-border-payout,apidocs/create-cross-border-payout,endswith,19 Jun 2025,
/apidocs/get-payment-channels,apidocs/get-payout-channels,endswith,19 Jun 2025,
/apidocs/get-all-payouts-by-reference-id,apidocs/get-all-payouts,endswith,19 Jun 2025,
/apidocs/get-payout-by-id,apidocs/get-payout,endswith,19 Jun 2025,
/apidocs/payout-webhook,apidocs/payout-webhook-notification,endswith,19 Jun 2025,
/apidocs/create-a-payout,apidocs/create-payout,endswith,19 Jun 2025,
/apidocs/introduction-1,apidocs/payouts-introduction,endswith,19 Jun 2025,
/apidocs/deactivate-recurring-plan-1,apidocs/deactivate-recurring-plan,endswith,19 Jun 2025,
/apidocs/refund-a-payment-request-1,apidocs/refund-payment-request,endswith,19 Jun 2025,
/apidocs/cancels-a-session-by-payment-session-id,apidocs/cancel-session,endswith,19 Jun 2025,
/apidocs/get-a-session-by-payment-session-id,apidocs/get-session,endswith,19 Jun 2025,
/apidocs/create-a-new-session,apidocs/create-session,endswith,19 Jun 2025,
/apidocs/cancel-and-deactivate-a-payment-token-1,apidocs/cancel-payment-token,endswith,19 Jun 2025,
/apidocs/get-the-status-of-a-payment-token-1,apidocs/get-payment-token,endswith,19 Jun 2025,
/apidocs/create-a-new-payment-token-1,apidocs/create-payment-token,endswith,19 Jun 2025,
/apidocs/capture-a-payment-1,apidocs/capture-payment,endswith,19 Jun 2025,
/apidocs/cancel-a-payment-1,apidocs/cancel-payment,endswith,19 Jun 2025,
/apidocs/get-the-status-of-a-payment-1,apidocs/get-payment,endswith,19 Jun 2025,
/apidocs/simulate-payment-test-mode-1,apidocs/simulate-payment-test-mode,endswith,19 Jun 2025,
/apidocs/cancel-a-payment-request-1,apidocs/cancel-payment-request,endswith,19 Jun 2025,
/apidocs/update-a-payment-request-1,apidocs/update-payment-request,endswith,19 Jun 2025,
/apidocs/get-the-status-of-a-payment-request-1,apidocs/get-payment-request,endswith,19 Jun 2025,
/apidocs/create-payment-request-1,apidocs/create-payment-request,endswith,19 Jun 2025,
/docs/creating-an-api-key-1,docs/payouts-creating-an-api-key,endswith,19 Jun 2025,
/docs/network-tokens,docs/cards-network-tokens,endswith,19 Jun 2025,
/docs/documentation-template,docs/cards-network-tokens,endswith,19 Jun 2025,
/docs/virtual-credit-card-processing,docs/cards-virtual-credit-card-processing,endswith,19 Jun 2025,
/docs/card-token-migration,docs/cards-token-migration,endswith,19 Jun 2025,
/docs/address-verification-service,docs/cards-address-verification-service,endswith,19 Jun 2025,
/docs/address-verification-service-avs,docs/cards-address-verification-service,endswith,19 Jun 2025,
/docs/authentication-3ds2,docs/cards-authentication-3ds2,endswith,19 Jun 2025,
/docs/simulate-card-scenarios,docs/cards-simulate-card-scenarios,endswith,19 Jun 2025,
/docs/card-declines-and-error-codes,docs/cards-card-declines-and-error-codes,endswith,19 Jun 2025,
/docs/cancel-a-payment-1,docs/cards-cancel-a-payment,endswith,19 Jun 2025,
/docs/refund-a-card-payment,docs/cards-refund-a-card-payment,endswith,19 Jun 2025,
/docs/capturing-a-card-payment,docs/cards-capturing-a-card-payment,endswith,19 Jun 2025,
/docs/recurring-and-merchant-initiated-transactions,docs/cards-recurring-and-merchant-initiated-transactions,endswith,19 Jun 2025,
/docs/subscriptions-and-merchant-initiated-transactions,docs/cards-recurring-and-merchant-initiated-transactions,endswith,19 Jun 2025,
/docs/subscription-and-merchant-initiated-transactions,docs/cards-recurring-and-merchant-initiated-transactions,endswith,19 Jun 2025,
/docs/one-click-with-cvn,docs/cards-one-click-with-cvn,endswith,19 Jun 2025,
/docs/one-click-with-cvv,docs/cards-one-click-with-cvn,endswith,19 Jun 2025,
/docs/save-a-card,docs/cards-save-a-card,endswith,19 Jun 2025,
/docs/store-a-card,docs/cards-save-a-card,endswith,19 Jun 2025,
/docs/store-a-card-for-one-click,docs/cards-save-a-card,endswith,19 Jun 2025,
/docs/wix-2,docs/magento-introduction,endswith,19 Jun 2025,
/docs/wix-1,docs/wix-introduction,endswith,19 Jun 2025,
/docs/shopify-1,docs/shopify-introduction,endswith,19 Jun 2025,
/docs/id/supported-use-case,docs/id/subscriptions-features,endswith,19 Jun 2025,
/docs/kredivo-1,docs/kredivo-uat,endswith,13 Jun 2025,
/docs/create-account-regional-1,docs/create-account-regional,endswith,07 May 2025,
/docs/adding-a-withdrawal-account,docs/add-withdrawal-bank-account,endswith,29 Apr 2025,
/docs/id/security-overview,docs/id/account-security-overview,endswith,24 Apr 2025,
/docs/id/overview-8,docs/id/account-security-overview,endswith,24 Apr 2025,
/docs/how-to-pay-invoices,docs/how-to-pay-bills,endswith,08 Apr 2025,
/docs/id/auto-withdrawal-j,docs/id/auto-withdrawal,endswith,07 Apr 2025,
/docs/auto-withdrawal-j,docs/auto-withdrawal,endswith,07 Apr 2025,
/docs/overview-15,docs/bill-payment-overview,endswith,13 Mar 2025,
/apidocs/transactionstransaction-id,apidocs/get-transaction,endswith,11 Mar 2025,
/apidocs/transactions-list,apidocs/list-transactions,endswith,11 Mar 2025,
/docs/guest-checkout-one-of-transaction-1,docs/guest-checkout-test-scenarios,endswith,07 Mar 2025,
/docs/choosing-the-right-payment-product,docs/available-payment-products,endswith,07 Mar 2025,
/docs/choosing-the-right-integration,docs/available-payment-products,endswith,07 Mar 2025,
/docs/choosing-the-right-product,docs/available-payment-products,endswith,07 Mar 2025,
/docs/overview-3,docs/plug-ins-overview,endswith,07 Mar 2025,
/docs/xendit-invoice,docs/your-invoice,endswith,04 Mar 2025,
/docs/view-bills,docs/your-invoice,endswith,04 Mar 2025,
/docs/indodana,docs/indodana-paylater,endswith,21 Feb 2025,
/docs/xenplatform-api-verification,docs/xenplatform-api-verification-overview,endswith,20 Feb 2025,
/docs/overview-10,docs/identify-verification-overview,endswith,20 Feb 2025,
/docs/setting-up-webhooks-1,docs/payouts-set-up-webhooks,endswith,20 Feb 2025,
/docs/payouts-via-dashboard,docs/batch-payouts-via-dashboard,endswith,20 Feb 2025,
/docs/batch-payouts,docs/batch-payouts-via-dashboard,endswith,20 Feb 2025,
/docs/single-batch-payouts,docs/batch-payouts-via-dashboard,endswith,20 Feb 2025,
/docs/product-overview-2,docs/payouts-via-api,endswith,20 Feb 2025,
/docs/verify-merchants,docs/verify-sub-accounts,endswith,13 Feb 2025,
/docs/overview-8,docs/account-security-overview,endswith,13 Feb 2025,
/docs/overview-5,docs/balance-overview,endswith,13 Feb 2025,
/docs/payout-links,docs/test-scenarios-payout-links,endswith,13 Feb 2025,
/docs/cross-border-payouts,docs/test-scenarios-cross-border-payouts,endswith,13 Feb 2025,
/docs/payouts-1,docs/test-scenarios-payouts,endswith,13 Feb 2025,
/docs/payout-links-2,docs/integration-payout-links,endswith,13 Feb 2025,
/docs/payout-link,docs/integration-payout-links,endswith,13 Feb 2025,
/docs/cross-border-payouts-1,docs/integration-cross-border-payouts,endswith,13 Feb 2025,
/docs/cross-border-payout,docs/integration-cross-border-payouts,endswith,13 Feb 2025,
/docs/payouts-3,docs/integration-payouts,endswith,13 Feb 2025,
/docs/payout,docs/integration-payouts,endswith,13 Feb 2025,
/docs/customize-xendit-hosted-page,docs/customize-checkout-page,endswith,12 Feb 2025,
/docs/overview-13,docs/payment-links-api-overview,endswith,12 Feb 2025,
/docs/overview-11,docs/payment-sessions-overview,endswith,12 Feb 2025,
/docs/overview-12,docs/subscriptions-overview,endswith,12 Feb 2025,
/docs/pay-one-off-checkout,docs/pay-one-off-payment,endswith,12 Feb 2025,
/docs/guest-checkout,docs/pay-one-off-payment,endswith,12 Feb 2025,
/docs/overview-1,docs/payments-via-api-overview,endswith,12 Feb 2025,
/docs/setting-up-webhooks,docs/set-up-webhooks,endswith,12 Feb 2025,
/docs/setting-up-web-hooks,docs/set-up-webhooks,endswith,12 Feb 2025,
/docs/creating-an-api-key,docs/create-an-api-key,endswith,12 Feb 2025,
/docs/supported-use-case,docs/subscriptions-features,endswith,12 Feb 2025,
/docs/features-2,docs/payment-sessions-features,endswith,12 Feb 2025,
/docs/supported-use-cases,docs/payment-links-features,endswith,12 Feb 2025,
/docs/features-1,docs/payments-api-features,endswith,12 Feb 2025,
/docs/shopeepay-e-wallets-vietnam,docs/vn-shopeepay,endswith,11 Feb 2025,
/docs/shopeepay-vietnam,docs/vn-shopeepay,endswith,11 Feb 2025,
/docs/truemoney-e-wallet,docs/truemoney,endswith,11 Feb 2025,
/docs/credit-card-2,docs/th-credit-card,endswith,11 Feb 2025,
/docs/payment-channel-page-pull-6,docs/rcbc-direct-debit,endswith,11 Feb 2025,
/docs/payment-channel-page-pull-8,docs/chinabank-direct-debit,endswith,11 Feb 2025,
/docs/credit-card-1,docs/ph-credit-card,endswith,11 Feb 2025,
/docs/payment-channel-page-pull-1,docs/bpi-direct-debit,endswith,11 Feb 2025,
/docs/payment-channel-page-pull-7,docs/bdo-direct-debit,endswith,11 Feb 2025,
/docs/payment-channel-page-push-3,docs/bank-transfer,endswith,11 Feb 2025,
/docs/credit-card-4,docs/my-credit-card,endswith,11 Feb 2025,
/docs/muamalat-virtual-account-pilot,docs/muamalat-virtual-account,endswith,11 Feb 2025,
/docs/muamalat-virtual-accounts-pilot,docs/muamalat-virtual-account,endswith,11 Feb 2025,
/docs/clone-hana-virtual-accounts-pilot,docs/muamalat-virtual-account,endswith,11 Feb 2025,
/docs/permata-virtual-accounts,docs/permata-virtual-account,endswith,11 Feb 2025,
/docs/mandiri-virtual-accounts,docs/mandiri-virtual-account,endswith,11 Feb 2025,
/docs/hana-virtual-accounts,docs/hana-virtual-account,endswith,11 Feb 2025,
/docs/bss-virtual-accounts,docs/bss-virtual-account,endswith,11 Feb 2025,
/docs/bsi-virtual-accounts,docs/bsi-virtual-account,endswith,11 Feb 2025,
/docs/bri-virtual-accounts,docs/bri-virtual-account,endswith,11 Feb 2025,
/docs/bni-virtual-accounts,docs/bni-virtual-account,endswith,11 Feb 2025,
/docs/bnc-virtual-accounts,docs/bnc-virtual-account,endswith,11 Feb 2025,
/docs/bjb-virtual-accounts,docs/bjb-virtual-account,endswith,11 Feb 2025,
/docs/payment-channel-page-push-2,docs/bjb-virtual-account,endswith,11 Feb 2025,
/docs/bca-virtual-accounts,docs/bca-virtual-account,endswith,11 Feb 2025,
/docs/payment-channel-page-push,docs/bca-virtual-account,endswith,11 Feb 2025,
/docs/credit-cards,docs/id-credit-cards,endswith,11 Feb 2025,
/docs/credit-card,docs/id-credit-cards,endswith,11 Feb 2025,
/docs/activating-payment-channels,docs/activate-payment-channels,endswith,11 Feb 2025,
/docs/overview-14,docs/cards-api-overview,endswith,04 Feb 2025,
/docs/overview-9,docs/xenplatform-overview,endswith,03 Feb 2025,
/docs/product-overview,docs/cross-border-payouts-overview,endswith,03 Feb 2025,
/docs/product-overview-1,docs/payout-links-overview,endswith,03 Feb 2025,
/docs/integration-setup-1,docs/integration-setup-2,endswith,15 Jan 2025,
/docs/setup-environment-1,docs/integration-setup-2,endswith,15 Jan 2025,
/docs/integrations-2,docs/integration-guide-2,endswith,15 Jan 2025,
/docs/settlements,docs/settlements-overview,endswith,10 Jan 2025,
/docs/payments-api-statuses,docs/payments-api-status-lifecycle,endswith,08 Jan 2025,
/docs/payment-api-statuses,docs/payments-api-status-lifecycle,endswith,08 Jan 2025,
/docs/payment-channel-page-push-15,docs/ecpay-school,endswith,05 Jan 2025,
/docs/sm-bills,docs/sm-bills-payment,endswith,05 Jan 2025,
/docs/payment-channel-page-push-13,docs/sm-bills-payment,endswith,05 Jan 2025,
/docs/payment-channel-page-push-12,docs/robinson-bills,endswith,05 Jan 2025,
/docs/payment-channel-page-push-11,docs/ussc,endswith,05 Jan 2025,
/docs/payment-channel-page-push-10,docs/lbc,endswith,05 Jan 2025,
/docs/payment-channel-page-push-9,docs/cvm,endswith,05 Jan 2025,
/docs/payment-channel-page-push-8,docs/m-lhuillier,endswith,05 Jan 2025,
/docs/payment-channel-page-push-7,docs/billease,endswith,02 Jan 2025,
/docs/payment-channel-page-push-6,docs/qrph,endswith,02 Jan 2025,
/docs/batch-payouts-approval,docs/batch-payout-approval-workflows,endswith,02 Jan 2025,
/docs/batch-creation,docs/batch-cross-border-payouts,endswith,27 Dec 2024,
/docs/tokenization,docs/pay-with-tokens,endswith,09 Dec 2024,
/docs/setup-environment,docs/integration-environment-setup,endswith,09 Dec 2024,
/docs/shopeepay-e-wallets,docs/shopeepay-e-wallets-id,endswith,29 Nov 2024,
/docs/ovo-e-wallets,docs/ovo,endswith,29 Nov 2024,
/docs/dana-e-wallets,docs/ovo,endswith,29 Nov 2024,
/docs/linkaja-e-wallets,docs/linkaja,endswith,29 Nov 2024,
/docs/jeniuspay-e-wallets,docs/jeniuspay,endswith,29 Nov 2024,
/docs/dana-e-wallets-1,docs/dana,endswith,29 Nov 2024,
/docs/astrapay-e-wallets,docs/astrapay,endswith,29 Nov 2024,
/docs/kredivo-paylater,docs/kredivo,endswith,29 Nov 2024,
/docs/akulaku-paylater,docs/akulaku,endswith,29 Nov 2024,
/docs/indomaret-over-the-counter,docs/indomaret,endswith,29 Nov 2024,
/docs/alfamart-over-the-counter,docs/alfamart,endswith,29 Nov 2024,
/docs/payment-channel-page-push-5,docs/cebuana,endswith,29 Nov 2024,
/docs/payment-channel-page-push-4,docs/7-eleven,endswith,29 Nov 2024,
/docs/settlement-reconciliation,docs/settlement,endswith,29 Nov 2024,
/docs/msb,docs/msb-va,endswith,28 Nov 2024,
/docs/payment-channel-page-pull-2,docs/vnpt-wallet,endswith,28 Nov 2024,
/docs/password-policy,docs/vulnerabilities,endswith,28 Nov 2024,
/docs/xendit-fees,docs/transaction-fees,endswith,28 Nov 2024,
/docs/qr-codes,docs/qris,endswith,28 Nov 2024,
/docs/qr,docs/qris,endswith,28 Nov 2024,
/docs/your-xendit-bill,docs/your-xendit-invoice,endswith,27 Nov 2024,
/docs/momo,docs/momo-e-wallet,endswith,27 Nov 2024,
/docs/payment-channel-page-push-1,docs/momo-e-wallet,endswith,27 Nov 2024,
/docs/iluma,docs/identity-verification,endswith,27 Nov 2024,
/docs/understanding-xenshield,docs/manage-fraud-with-xenshield,endswith,26 Nov 2024,
/docs/manage-disputes,docs/manage-fraud-with-xenshield,endswith,26 Nov 2024,
/docs/best-practices-1,docs/fraud-prevention-best-practice,endswith,26 Nov 2024,
/docs/understanding-disputes,docs/understanding-payment-fraud,endswith,26 Nov 2024,
/docs/disputes,docs/fraud-risk,endswith,26 Nov 2024,
/docs/chargebacks,docs/fraud-risk,endswith,26 Nov 2024,
/docs/refunds,docs/refund,endswith,26 Nov 2024,
/docs/testing-your-integration,docs/card-test-scenarios,endswith,26 Nov 2024,
/docs/inviting-team-members,docs/invite-team-members,endswith,25 Nov 2024,
/docs/account-types,docs/sub-account-types,endswith,25 Nov 2024,
/docs/your-account,docs/get-started,endswith,25 Nov 2024,
/docs/getting-started,docs/draft,endswith,25 Nov 2024,
/docs/routing-payments,docs/xenplatform-route-payments,endswith,25 Nov 2024,
/docs/features-3,docs/xenplatform-route-payments,endswith,25 Nov 2024,
/docs/xenplatform-pricing,docs/xenplatform-fees,endswith,25 Nov 2024,
/docs/bri,docs/bri-virtual-account,endswith,19 Nov 2024,
